sam_conc,avg_rate,error
2.24,0.87,0.08309280306
4.47,1.08,0.2336006298
8.95,2.09,1.014153633
13.42,2.08,0.2824504611
44.74,3.66,0.5710003419
89.48,4.56,0.4803335209
178.96,4.85,0.5579504161
402.66,5.36,0.07991701553
492.14,5.37,1.341525633